{
  "action_fingerprints": {
    "action_listen": {
      "slots": [
        "subscribe",
        "horoscope_sign"
      ]
    },
    "subscribe_user": {
      "slots": []
    },
    "get_todays_horoscope": {
      "slots": []
    }
  },
  "rasa_core": "0.11.0a1",
  "python": "3.6.5",
  "max_histories": [
    null,
    2,
    2
  ],
  "ensemble_name": "rasa_core.policies.ensemble.SimplePolicyEnsemble",
  "policy_names": [
    "rasa_core.policies.fallback.FallbackPolicy",
    "rasa_core.policies.memoization.MemoizationPolicy",
    "rasa_core.policies.keras_policy.KerasPolicy"
  ]
}