{"py/object": "rasa_core.featurizers.MaxHistoryTrackerFeaturizer", "max_history": 2, "remove_duplicates": true, "state_featurizer": {"py/object": "rasa_core.featurizers.BinarySingleStateFeaturizer", "input_state_map": {"entity_DD": 4, "entity_MM": 5, "entity_horoscope_sign": 3, "entity_subscribe": 6, "intent_get_horoscope": 0, "intent_greeting": 1, "intent_subscription": 2, "prev_action_default_fallback": 13, "prev_action_listen": 11, "prev_action_restart": 12, "prev_get_todays_horoscope": 17, "prev_subscribe_user": 18, "prev_utter_ask_dob": 16, "prev_utter_ask_horoscope_sign": 15, "prev_utter_greet": 14, "slot_DD_0": 7, "slot_MM_0": 8, "slot_horoscope_sign_0": 9, "slot_subscribe_0": 10}, "num_features": 19, "slot_feature_len": 4, "user_feature_len": 7}, "use_intent_probabilities": false}