{"py/object": "rasa_core.featurizers.MaxHistoryTrackerFeaturizer", "max_history": 2, "remove_duplicates": true, "state_featurizer": {"py/object": "rasa_core.featurizers.BinarySingleStateFeaturizer", "input_state_map": {"entity_DD": 5, "entity_MM": 6, "entity_dob_intent": 8, "entity_horoscope_sign": 4, "entity_subscribe": 7, "intent_dob_intent": 0, "intent_get_horoscope": 1, "intent_greeting": 2, "intent_subscription": 3, "prev_action_default_fallback": 15, "prev_action_listen": 13, "prev_action_restart": 14, "prev_get_todays_horoscope": 20, "prev_subscribe_user": 21, "prev_utter_ask_dob": 18, "prev_utter_ask_horoscope_sign": 17, "prev_utter_greet": 16, "prev_utter_subscribe": 19, "slot_DD_0": 9, "slot_MM_0": 10, "slot_horoscope_sign_0": 11, "slot_subscribe_0": 12}, "num_features": 22, "slot_feature_len": 4, "user_feature_len": 9}, "use_intent_probabilities": false}